Model,MAE,R2_Score
Ensemble,2785.793382910532,0.8244916820481267
